CREATE DATABASE PHARMACY_INFO;
USE PHARMACY_INFO;


CREATE TABLE MEDICINES
(
 medicine_id INT,
 name VARCHAR(20),
 type VARCHAR(20),
 unit_price DECIMAL(18,2),
 stock_quantity INT ,
 expiry_date DATE
 );
 
 
 CREATE TABLE SUPPLIERS
 (
 supplier_id INT, 
 name VARCHAR(20),
 contact_number VARCHAR(20),
 city VARCHAR(10)
 
 );
 DROP TABLE SUPPLIERS;
 

 CREATE TABLE PURCHASES
 (
 purchase_id INT,
 supplier_id INT, 
 medicine_id INT,
 quantity INT,
 purchase_date DATE,
 batch_number VARCHAR(20)
);
 DROP TABLE PURCHASES;
 

create table sales
(
 sale_id INT, 
 medicine_id INT,
 quantity INT,
 sale_date DATE,
 total_price DECIMAL(18,2)
);
DROP TABLE SALES;
ALTER TABLE MEDICINES ADD CONSTRAINT PK_MEDICINES PRIMARY KEY(MEDICINE_ID);

ALTER TABLE PURCHASES ADD CONSTRAINT PK_PURCHASES PRIMARY KEY(PURCHASE_ID);

ALTER TABLE SUPPLIERS ADD CONSTRAINT PK_SUPPLIERS PRIMARY KEY(SUPPLIER_ID);

ALTER TABLE SALES ADD CONSTRAINT PK_SALES PRIMARY KEY(SALE_ID);

ALTER TABLE PURCHASES ADD CONSTRAINT FK_PURCHASES_SUPPLIERS FOREIGN KEY (SUPPLIER_ID) REFERENCES SUPPLIERS(SUPPLIER_ID);

ALTER TABLE PURCHASES ADD CONSTRAINT FK_PURCHASES_MEDICINES FOREIGN KEY (MEDICINE_ID) REFERENCES MEDICINES(MEDICINE_ID);

ALTER TABLE SALES ADD CONSTRAINT FK_SALES_MEDICINES FOREIGN KEY (MEDICINE_ID) REFERENCES MEDICINES(MEDICINE_ID);


ALTER TABLE MEDICINES ADD MANUFACTURER VARCHAR(20);


ALTER TABLE SUPPLIERS RENAME COLUMN `CONTACT NUMBER` TO PHONE;



drop table medicines;
CREATE TABLE MEDICINES
(
 medicine_id INT,
 name VARCHAR(20),
 type VARCHAR(20),
 unit_price DECIMAL(18,2),
 stock_quantity INT ,
 expiry_date DATE
 );
INSERT INTO MEDICINES VALUES(101,'PARACETAMOL','TABLET',2.50,500,'2026-05-20');
INSERT INTO MEDICINES VALUES(102,'COUGH SYRUP','SYRUP',45.00,150,'2025-03-10');
INSERT INTO MEDICINES VALUES(103,'INSULIN','INJECTION',250.00,500,'2026-09-01');
INSERT INTO MEDICINES VALUES(104,'VITAMIN C','TABLET',1.20,1000,'2027-01-05');
INSERT INTO MEDICINES VALUES(105,'ALBENDAZOLE','TABLET',8.50,500,'2026-12-12');



INSERT INTO SUPPLIERS VALUES(201,'HEALTHPLUS PHARMA','987456321','MUMBAI');
INSERT INTO SUPPLIERS VALUES(202,'MEDLIFE DISTRIBUTORS','1234244544','DELHI');
INSERT INTO SUPPLIERS VALUES(203,'CAREWELL','9567898461','BANGALORE');
INSERT INTO SUPPLIERS VALUES(204,'SUNRISE MEDICO','3456789213','CHENNAI');
INSERT INTO SUPPLIERS VALUES(205,'APEX DRUGS LTD','2344567892','MUMBAI');

INSERT INTO PURCHASES VALUES(301,201,101,200,'2025-01-10','BATCH-101-A');
INSERT INTO PURCHASES VALUES(302,202,103,50,'2025-02-05','BATCH-103-B');
INSERT INTO PURCHASES VALUES(303,203,104,20,'2025-03-22','BATCH-104-C');
INSERT INTO PURCHASES VALUES(304,204,102,100,'2025-04-15','BATCH-102-D');
INSERT INTO PURCHASES VALUES(305,205,104,500,'2025-05-30','BATCH-105-E');
INSERT INTO PURCHASES VALUES(306,202,103,50,'2025-02-05','BATCH-102-F');


INSERT INTO Sales VALUES(401, 101, 50, '2025-01-15', 125.00);
INSERT INTO Sales VALUES(402, 102, 30, '2025-02-20', 262.50);
INSERT INTO Sales VALUES(403, 103, 10, '2025-03-28', 450.00);
INSERT INTO Sales VALUES(404, 105, 100, '2025-04-05', 120.00);
INSERT INTO Sales VALUES(405, 104, 5, '2025-04-25', 1250.00);
INSERT INTO Sales VALUES(406, 101, 40, '2025-05-15', 100.00);


SELECT * FROM MEDICINES;
SELECT * FROM SUPPLIERS;
SELECT * FROM PURCHASES;
SELECT * FROM SALES;



INSERT INTO MEDICINES VALUES(106,'AMOXICILLIN','TABLET',20.5,500,'2026-05-20');
SELECT distinct(medicine_id) FROM MEDICINES;

UPDATE MEDICINES SET UNIT_PRICE=UNIT_PRICE+0.1*UNIT_PRICE;


DELETE FROM MEDICINES WHERE EXPIRY_DATE<current_date();
SELECT * FROM MEDICINES;


-- Total revenue generated by each medicine
SELECT m.name AS Medicine, SUM(s.total_price) AS Total_Revenue
FROM Sales s
JOIN Medicines m ON s.medicine_id = m.medicine_id
GROUP BY m.name;

-- The supplier who supplied the highest total quantity of medicines
SELECT s.name AS Supplier, SUM(p.quantity) AS Total_Quantity
FROM Purchases p
JOIN Suppliers s ON p.supplier_id = s.supplier_id
GROUP BY s.name
ORDER BY Total_Quantity DESC
LIMIT 1;


-- Total number of medicines sold for each medicine type/category
SELECT m.type AS Medicine_Type, SUM(s.quantity) AS Total_Sold
FROM Sales s
JOIN Medicines m ON s.medicine_id = m.medicine_id
GROUP BY m.type;


-- Medicines whose stock quantity is below the average stock of all medicines
SELECT name, stock_quantity
FROM Medicines
WHERE stock_quantity < (SELECT AVG(stock_quantity) FROM Medicines);

-- Medicines that have NEVER been sold
SELECT m.name
FROM Medicines m
WHERE m.medicine_id NOT IN (SELECT DISTINCT medicine_id FROM Sales);


-- Suppliers who have supplied more than 500 units of medicines in total
SELECT s.name AS Supplier, SUM(p.quantity) AS Total_Supplied
FROM Purchases p
JOIN Suppliers s ON p.supplier_id = s.supplier_id
GROUP BY s.name
HAVING SUM(p.quantity) > 500;

-- Medicine types whose average price is greater than 100
SELECT type, AVG(unit_price) AS Avg_Price
FROM Medicines
GROUP BY type
HAVING AVG(unit_price) > 100;


-- Complete purchase details including medicine name and supplier name
SELECT p.purchase_id, m.name AS Medicine, s.name AS Supplier, p.quantity, p.purchase_date
FROM Purchases p
JOIN Medicines m ON p.medicine_id = m.medicine_id
JOIN Suppliers s ON p.supplier_id = s.supplier_id;


-- Detailed sales records along with medicine information (name + type)
SELECT s.sale_id, m.name AS Medicine, m.type, s.quantity, s.sale_date, s.total_price
FROM Sales s
JOIN Medicines m ON s.medicine_id = m.medicine_id;


-- Medicines that are going to expire within the next 90 days
SELECT name, expiry_date
FROM Medicines
WHERE expiry_date BETWEEN CURDATE() AND DATE_ADD(CURDATE(), INTERVAL 90 DAY);


-- Total number of sales transactions that happened in the last 30 days (including today)
SELECT COUNT(*) AS Sales_Last_30_Days
FROM Sales
WHERE sale_date >= DATE_SUB(CURDATE(), INTERVAL 30 DAY);


-- All suppliers whose names start with the letter 'S'
SELECT name
FROM Suppliers
WHERE name LIKE 'S%';


-- Medicines that have low stock (less than 50 units)
SELECT name, stock_quantity
FROM MEDICINES
WHERE stock_quantity < 50;

-- Remaining stock for each medicine after subtracting total sold quantity
SELECT 
    m.name,
    m.stock_quantity - IFNULL(SUM(s.quantity), 0) AS remaining_stock
FROM MEDICINES m
LEFT JOIN sales s ON m.MEDICINES_ID = s.medicine_id
GROUP BY m.name, m.stock_quantity;


-- The most recent (latest) purchase record for each medicine
SELECT *
FROM purchases p1
WHERE purchase_date = (
    SELECT MAX(p2.purchase_date)
    FROM purchases p2
    WHERE p1.medicine_id = p2.medicine_id
);

-- Medicines expiring soon (next 30 days)
SELECT name, expiry_date
FROM MEDICINES
WHERE expiry_date <= CURDATE() + INTERVAL 30 DAY;

-- Calculate stock value (derived column)

SELECT 
    name,
    stock_quantity,
    unit_price,
    (stock_quantity * unit_price) AS total_stock_value
FROM MEDICINES;

-- Format sales date

SELECT 
    sale_id,
    DATE_FORMAT(sale_date, '%d-%m-%Y') AS formatted_date,
    total_price
FROM sales;


-- Purchases with supplier details
SELECT 
    p.purchase_id,
    s.name AS supplier_name,
    s.city,
    p.medicine_id,
    p.quantity,
    p.purchase_date
FROM purchases p
JOIN suppliers s 
ON p.supplier_id = s.supplier_id;

-- Sales with medicine names
SELECT 
    sa.sale_id,
    m.name AS medicine_name,
    sa.quantity,
    sa.total_price,
    sa.sale_date
FROM sales sa
JOIN MEDICINES m
ON sa.medicine_id = m.medicine_id;

-- Sales + Medicine + Profit insight
SELECT 
    m.name,
    sa.quantity,
    sa.total_price,
    (sa.total_price - (sa.quantity * m.unit_price)) AS profit
FROM sales sa
JOIN MEDICINES m
ON sa.medicine_id = m.medicine_id;

-- Total sales per medicine

SELECT 
    m.name,
    SUM(sa.quantity) AS total_units_sold,
    SUM(sa.total_price) AS total_revenue
FROM sales sa
JOIN MEDICINES m
ON sa.medicine_id = m.medicine_id
GROUP BY m.name;

-- Top supplier by purchase quantity

SELECT 
    s.name,
    SUM(p.quantity) AS total_supplied
FROM purchases p
JOIN suppliers s
ON p.supplier_id = s.supplier_id
GROUP BY s.name
ORDER BY total_supplied DESC;

-- Remaining stock after sales

SELECT 
    m.name,
    m.stock_quantity - COALESCE(SUM(sa.quantity), 0) AS remaining_stock
FROM MEDICINES m
LEFT JOIN sales sa
ON m.medicine_id = sa.medicine_id
GROUP BY m.name, m.stock_quantity;

-- Supplier supplying most medicines
SELECT name
FROM suppliers
WHERE supplier_id = (
    SELECT supplier_id
    FROM purchases
    GROUP BY supplier_id
    ORDER BY SUM(quantity) DESC
    LIMIT 1
);

-- Profit calculation
SELECT 
    m.name,
    s.quantity,
    s.total_price,
    (s.total_price - (s.quantity * m.unit_price)) AS profit
FROM sales s
JOIN MEDICINES m
ON s.medicine_id = m.MEDICINE_id;

-- Stock status
SELECT 
    name,
    stock_quantity,
    CASE
        WHEN stock_quantity < 20 THEN 'Low'
        WHEN stock_quantity <= 50 THEN 'Medium'
        ELSE 'High'
    END AS stock_status
FROM MEDICINES;
use pharmacy_info;
-- Rank medicines by revenue
SELECT 
    name,
    revenue,
    RANK() OVER (ORDER BY revenue DESC) AS sales_rank
FROM (
    SELECT 
        m.name,
        SUM(s.total_price) AS revenue
    FROM sales s
    JOIN MEDICINES m
    ON s.medicine_id = m.MEDICINE_ID
    GROUP BY m.name
) t;

-- VIEW
CREATE VIEW pharmacy_dashboard AS
SELECT 
    m.name,
    SUM(s.quantity) AS total_sold,
    SUM(s.total_price) AS revenue
FROM MEDICINES m
LEFT JOIN sales s
ON m.MEDICINE_ID = s.medicine_id
GROUP BY m.name;
